|CharacterName|WikiLink
0|A-Bomb|Rick Jones (character)
1|Abomination|Abomination (comics)
2|Abraxas|
3|Abyss|
4|Access|
5|Achebe|Achebe (comics)
6|Adam|
7|Aero|
8|Agamemnon|
9|Aginar|
10|Ajak|Ajak
11|Ajax|Ajak
12|Amphibius|Savage Land Mutates
13|Anansi|
14|Anelle|
15|Arishem the Judge|Celestial (comics)#Members
16|Atum|
17|Avoe|
18|Bakuto|
19|Brian Banner|Brian Banner
20|Banshee|Banshee (comics)
21|Barbarus|Savage Land Mutates
22|Baron Blood|Baron Blood
23|Baron Brimstone|Baron Brimstone
24|Baron Mordo|Baron Mordo
25|Baron Strucker|Baron Strucker
26|Baron Zemo|Baron Zemo
27|Barracuda|Barracuda (Marvel Comics)
28|Barrage|Dark Riders (comics)
29|Breeze Barton|Breeze Barton
30|Basilisk|
31|Bast|Heliopolitans#Members
32|Bastion|Bastion (comics)
33|Batroc the Leaper|Batroc the Leaper
34|Battleaxe|
35|Battlestar|Battlestar (comics)
36|Batwing|Batwing (Marvel Comics)
37|Baymax|Baymax
38|Beast|Beast (comics)
39|Beautiful Dreamer|Beautiful Dreamer (Marvel Comics)
40|Bedlam|Bedlam (comics)
41|Beef|Hellions (Marvel Comics)
42|Beetle|Beetle (comics)
43|Bela|Bela (comics)
44|Belasco|Belasco (Marvel Comics)
45|Bella Donna|Bella Donna (comics)
46|Bengal|Bengal (comics)
47|Bereet|Bereet
48|Berzerker|Morlocks (comics)#Mutant Massacre
49|Beta Ray Bill|Beta Ray Bill
50|Beyonder|Beyonder
51|Bi-Beast|Bi-Beast
52|Big Bertha|Big Bertha (comics)
53|Big Man|Big Man (comics)
54|Big Wheel|Big Wheel (comics)
55|Bird-Brain|Bird-Brain (Marvel Comics)
56|Bird-Man|Ani-Men
57|Bishop|Bishop (comics)
58|Bison|
59|Black Ant|Eric O'Grady#Black Ant
60|Black Bolt|Black Bolt
61|Black Box|Cable & Deadpool
62|Black Cat|Black Cat (Marvel Comics)
63|Black Crow|Black Crow (comics)
64|Black Dwarf|Black Order (comics)
65|Black Fox|Black Fox (Raul Chalmers)
66|Black Jack Tarr|Black Jack Tarr
67|Black Knight|Black Knight (comics character)
68|Black Mamba|Black Mamba (comics)
69|Black Marvel|Black Marvel
70|Black Panther|T'Chaka
71|Black Racer|Serpent Society#Viper's agents
72|Black Rider|Black Rider (comics)
73|Black Spectre|Black Spectre#Black Spectre (Carson Knowles)
74|Black Swan|Black Swan (comics)
75|Black Talon|Black Talon (comics)
76|Black Tarantula|Black Tarantula
77|Black Tom Cassidy|Black Tom Cassidy
78|Black Widow|Black Widow (Marvel Comics)
79|Blackheart|Blackheart
80|Blacklash|Whiplash (Marvel Comics)#Mark Scarlotti
81|Blacklight|A-Next#Blacklight
82|Blackout|Blackout (Marcus Daniels)
83|Blackwing|Blackwing
84|Blade|Blade (character)
85|Blank|West Coast Avengers
86|Blastaar|Blastaar
87|Blazing Skull|Blazing Skull
88|Blindfold|Blindfold (comics)
89|Blindspot|Blindspot (comics)
90|Bling!|Bling!
91|Blink|Blink (comics)
92|Bliss|Morlocks (comics)
93|Blitz|
94|Blitzkrieg|
95|Blizzard|Blizzard (comics)
96|Blob|Blob (comics)
97|Blockbuster|Marauders (comics)
98|Blonde Phantom|Blonde Phantom
99|Blood Brothers|Blood Brothers (comics)
100|Bloodaxe|Bloodaxe (comics)
101|Bloodhawk|Bloodhawk
102|Bloodlust|Femme Fatales (comics)
103|Bloodscream|Bloodscream
104|Bloodshed|Bloodshed (comics)
105|Bloodstrike|Bloodstrike (Marvel Comics)
106|Blood Spider|
107|Bloodwraith|
108|Blue Blade|
109|Blue Blaze|
110|Blue Diamond|Blue Diamond (comics)
111|Blue Eagle|Blue Eagle (comics)
112|Blue Marvel|Blue Marvel
113|Blue Shield|Blue Shield (comics)
114|Bob, Agent of HYDRA|Bob, Agent of Hydra
115|Bolt|Chris Bradley
116|Bomblast|The Jury (comics)
117|Bombshell|Bombshell (Marvel Comics)
118|Bonebreaker|Bonebreaker
119|Boom-Boom|Tabitha Smith
120|Boomerang|Boomerang (comics)
121|Bor|
122|Bova|Bova (comics)
123|Box|Box (comics)
124|Brain Drain|Brain Drain (comics)
125|Brainchild|Savage Land Mutates
126|Betty Brant|Betty Brant
127|Brimstone Love|X-Men 2099
128|Britannia|
129|Broo|
130|Brother Tode|Deviant (comics)
131|Brother Voodoo|Brother Voodoo
132|Brothers Grimm|Brothers Grimm (comics)
133|Bruiser|Molly Hayes
134|Brutacus|Salem's Seven#Members
135|Brute|Brute (Reed Richards)
136|Brynocki|Brynocki
137|Bucky|Bucky (Marvel Comics)
138|Bug|Bug (comics)
139|Bulldozer|Bulldozer (comics)
140|Bullet|
141|Bullseye|Bullseye (character)
142|Bulwark|Hellions (Marvel Comics)
143|Burglar|Burglar (comics)
144|Burner|New Mutants
145|Bushman|Bushman (comics)
146|Bushmaster|Bushmaster (Marvel Comics)
147|Bushwacker|Bushwacker (comics)
148|Butterball|Grapplers (comics)
149|Butterfly|Layla Miller
150|Buzz|Buzz (comics)
151|Byrrah|Homo mermanus
152|Cable|Cable (character)
153|Caiera|
154|Caiman|Decimation (comics)
155|Calamity|The Order (comics)#Current members
156|Caliban|Caliban (Marvel Comics)
157|Calypso|Calypso (comics)
158|Cammi|Cammi
159|Candra|Candra (comics)
160|Cannonball|Cannonball (comics)
161|Capricorn|Zodiac (comics)
162|Captain|Nextwave#Captain
163|Captain America|Captain America
164|Captain Atlas|Captain Atlas
165|Captain Britain|Captain Britain
166|Captain Marvel|Captain Marvel (Marvel Comics)
167|Captain Midlands|Captain Midlands
168|Captain Savage|Captain Savage and his Leatherneck Raiders
169|Captain Spider|Flash Thompson
170|Captain UK|Captain Britain#Captain Britain Corps
171|Captain Ultra|Captain Ultra
172|Captain Universe|Captain Universe
173|Captain Wonder|Captain Wonder (Timely Comics)
174|Cardiac|Cardiac (comics)
175|Cardinal|Cardinal (comics)
176|Caretaker|Caretaker (comics)
177|Carnage|Carnage (comics)
178|Carnivore|Exemplars (comics)#Carnivore
179|Carrion|Carrion (comics)
180|Cat-Man|Cat-Man (Marvel Comics)
181|Catseye|Catseye (comics)
182|Cell|Morlocks (comics)#Chicago Morlocks
183|Centennial|
184|Centurious|Centurious
185|Centurius|Centurius
186|Century|
187|Cerebra|Cerebra
188|Cerise|Cerise (comics)
189|Chaka|
190|Challenger|Challenger (comics)
191|Chamber|Chamber (comics)
192|Chameleon|Chameleon (Marvel Comics)
193|Champion of the Universe|Champion of the Universe
194|Chance|Chance (comics)
195|Charcoal|Charcoal (comics)
196|Charlie-27|Charlie-27
197|Charon|Charon (Marvel Comics)
198|Chemistro|Chemistro
199|Cheshire Cat|Cheshire Cat (comics)
200|Chewie|
201|Chimera|Marauders (comics)
202|Ch'od|Ch'od
203|Choir|
204|Chondu the Mystic|Chondu the Mystic
205|Chronomancer|Trevor Fitzroy
206|Chthon|Darkhold#Origin
207|Chtylok|
208|Cipher|Cipher (comics)
209|Citizen V|Citizen V
210|Clash|
211|Clea|Clea
212|Cloak|Cloak and Dagger (comics)
213|Cloud 9|Cloud 9 (comics)
214|Clown|Circus of Crime#Current members
215|Coachwhip|Coachwhip (comics)
216|Coal Tiger|Coal Tiger
217|Cobalt Man|Cobalt Man
218|Cobra|Cobra (Marvel Comics)
219|Coldblood|Coldblood
220|Collective Man|Collective Man
221|Collector|Collector (character)
222|Colonel|Red Guardian#Ultimate Marvel
223|Colossus|Colossus (comics)
224|Comanche|Comanche (comics)
225|Comet|
226|Comet Man|Comet Man
227|Commander Kraken|Commander Kraken
228|Conan|Conan (comics)#Marvel Comics,
229|Condor|Condor (comics)
230|Conquest|Exemplars (comics)#Conquest
231|Constrictor|Constrictor (comics)
232|Contemplator|Elders of the Universe
233|Controller|Controller (Marvel Comics)
234|Carlie Cooper|Carlie Cooper
235|Copperhead|Copperhead (Marvel Comics)
236|Copycat|Copycat (Marvel Comics)
237|Corruptor|Corruptor
238|Corsair|Corsair (comics)
239|Cosmo the Spacedog|Cosmo the Spacedog
240|Cottonmouth|Cottonmouth (Cornell Stokes)
241|Cowgirl|Grapplers (comics)#Cowgirl
242|Crime Master|Crime Master
243|Crimson Cavalier|Crimson Cavalier
244|Crimson Commando|Crimson Commando
245|Crimson Cowl|Crimson Cowl (Justine Hammer)
246|Crimson Curse|A-Next#Crimson Curse
247|Crimson Dynamo|Crimson Dynamo
248|Crippler|Crippler (comics)
249|Crossbones|Crossbones (character)
250|Crossfire|Crossfire (comics)
251|Crucible|Enclave (comics)#Crucible
252|Crule|
253|Crusader|Crusader (Marvel Comics)
254|Crusher|Crusher (comics)
255|Crystal|Crystal (comics)
256|Cutthroat|
257|Cyber|Cyber (Marvel Comics)
258|Cyclone|Cyclone (Marvel Comics)
259|Cyclops|Cyclops (Marvel Comics)
260|Cypher|Cypher (Marvel Comics)
261|Cyttorak|Cyttorak
262|Dagger|Cloak and Dagger (comics)
263|Daken|Daken
264|Dakimh the Enchanter|Dakimh the Enchanter
265|Dansen Macabre|
266|Daredevil|Daredevil (Marvel Comics character)
267|Dark Beast|Dark Beast
268|Dark Phoenix|The Dark Phoenix Saga
269|Darkdevil|Darkdevil
270|Darkhawk|Darkhawk
271|Darkoth|Darkoth
272|Darkstar|Darkstar (Marvel Comics)
273|Darter|
274|Darwin|Darwin (Marvel Comics)
275|Daytripper|Amanda Sefton
276|Dazzler|Dazzler (Marvel Comics)
277|Deacon|Deacon (comics)
278|Dead Girl|X-Statix#Dead_Girl
279|Deadpool|Deadpool
280|Death|Death (Marvel Comics)
281|Death Adder|Death Adder (comics)
282|Death Metal|Death Metal (comics)
283|Death-Stalker|Death-Stalker
284|Death Wreck|
285|Death's-Head|Death's Head
286|Deathbird|Deathbird
287|Deathlok|Deathlok
288|Deathurge|Deathurge
289|Deathwatch|Deathwatch (comics)
290|Debrii|Debrii
291|December|
292|Defender|
293|Delilah|Delilah (comics)
294|Delphi|Pantheon (Marvel Comics)
295|Demogoblin|Demogoblin
296|Demolition Man|Demolition Man (comics)
297|Demon Bear|Demon Bear
298|Desak|Desak
299|Destiny|Destiny (Irene Adler)
300|Destroyer|Destroyer (Marvel Comics)
301|Detroit Steel|Detroit Steel
302|Devastator|Devastator (comics)
303|Devil Dinosaur|Devil Dinosaur
304|Devil-Slayer|Devil-Slayer
305|Devos the Devastator|Devos the Devastator
306|Diablo|Diablo (Marvel Comics)
307|Diamond Lil|Diamond Lil (Marvel Comics)
308|Diamondback|Diamondback (Willis Stryker)
309|Diamondhead|Diamondhead (comics)
310|Digger|Digger (comics)
311|Digitek|Digitek (comics)
312|Dinah Soar|Dinah Soar
313|Dionysus|Olympians (Marvel Comics)
314|Dirtnap|Dirtnap (comics)
315|Discus|
316|DJ|
317|D'Ken|Shi'ar#Known Shi'ar
318|D.O.A.|Hellions (Marvel Comics)
319|Doc Samson|Doc Samson
320|Doctor Bong|Doctor Bong
321|Doctor Demonicus|Doctor Demonicus
322|Doctor Doom|Doctor Doom
323|Doctor Druid|Doctor Druid
324|Doctor Faustus|Doctor Faustus (comics)
325|Doctor Minerva|Doctor Minerva
326|Doctor Nemesis|Doctor Nemesis
327|Doctor Octopus|Doctor Octopus
328|Doctor Spectrum|Doctor Spectrum
329|Doctor Strange|Doctor Strange
330|Doctor Sun|Doctor Sun
331|Doctor Voodoo|Daniel Drumm
332|Domino|Domino (comics)
333|Dominus|
334|Doom 2099|Doom 2099
335|Doorman|Doorman (comics)
336|Doop|Doop (comics)
337|Dopinder|
338|Dorma|Dorma (comics)
339|Dormammu|Dormammu
340|Doughboy|Doughboy (comics)
341|Dracula|Dracula (Marvel Comics)
342|Dragon Lord|Dragon Lord (comics)
343|Dragon Man|Dragon Man
344|Dragon of the Moon|
345|Dragonfly|Dragonfly (Marvel Comics)
346|Dragoness|Dragoness (comics)
347|Damon Dran|Damon Dran
348|Drax the Destroyer|Drax the Destroyer
349|Dreadknight|Dreadknight
350|Dreadnought|Dreadnought (comics)
351|Dreaming Celestial|
352|Dreamqueen|
353|Dredmund Druid|Dredmund the Druid
354|Druig|Druig
355|Dryad|Dryad (comics)
356|D'Spayre|D'Spayre
357|Dum-Dum Dugan|Dum Dum Dugan
358|Dusk|Dusk (comics)
359|Dust|Dust (comics)
360|Dweller-in-Darkness|Dweller-in-Darkness
361|Dyna-Mite|
362|Dynamic Man|
363|Earth Lord|Earth Force (Marvel Comics)#Membership
364|Earth Sentry|
365|Ebon Samurai|Ebon Samurai
366|Echo|Echo (Marvel Comics)
367|Ectokid|Ectokid
368|Ethan Edwards|Ethan Edwards
369|Eel|Eel (comics)
370|Egghead|Egghead (Marvel Comics)
371|Ego the Living Planet|Ego the Living Planet
372|Eitri|Eitri (comics)
373|El Aguila|El Aguila
374|El Guapo|X-Statix
375|Electric Eve|Morlocks (comics)
376|Electro|Electro (Marvel Comics)
377|Electron|Shi'ar#Known Shi'ar
378|Elektra|Elektra (character)
379|Elixir|Elixir (comics)
380|Elsie-Dee|Elsie-Dee
381|Elysius|Elysius
382|Empath|Empath (comics)
383|Emplate|Emplate
384|Enchantress|Enchantress (Marvel Comics)
385|En Dwi Gast|Grandmaster (Marvel Comics)
386|Energizer|Katie Power
387|Enforcer|Enforcer (comics)
388|Ent|Morlocks (comics)#Post-Mutant Massacre
389|Eon|Eon (comics)
390|Epoch|
391|Equinox|Equinox (comics)
392|Ereshkigal|Ereshkigal (Marvel Comics)
393|Eric the Red|Shi'ar
394|Erg|Erg (comics)
395|Ernst|
396|Eson the Searcher|Celestial (comics)#Members
397|Eternity|Eternity (comics)
398|E.V.A.|Fantomex#Powers and abilities
399|Everyman|Everyman (Marvel Comics)
400|Ex Nihilo|Ex Nihilo (comics)
401|Executioner|Executioner (comics)
402|Exodus|Exodus (comics)
403|Ezekiel|Ezekiel (comics)
404|Fafnir|Fafnir (Marvel Comics)
405|Falcon|Falcon (comics)
406|Falcona|List of Inhumans#Inhuman allies of Maximus
407|Famine|Horsemen of Apocalypse
408|Fancy Dan|Fancy Dan
409|Fandral|Fandral
410|Fang|
411|Fantasia|
412|Fantomex|Fantomex
413|Fasaud|Fasaud
414|Fatale|Fatale (Marvel Comics)
415|Father Time|Father Time (Marvel Comics)
416|Fenris Wolf|Fenris Wolf (Marvel Comics)
417|Feral|Feral (comics)
418|Fer-de-Lance|Serpent Society#Viper's agents
419|Feron|Feron
420|Ferret|
421|Fever Pitch|Morlocks (comics)
422|Fiery Mask|
423|Fin|Fin (comics)
424|Fin Fang Foom|Fin Fang Foom
425|Finesse|Finesse (comics)
426|Firearm|The Jury (comics)
427|Firebird|Firebird (Marvel Comics)
428|Firebrand|Firebrand (Marvel Comics)
429|Firelord|Firelord (comics)
430|Firepower|Firepower (comics)
431|Firestar|Firestar (Marvel Comics)
432|Fixx|Fixx (Marvel comics)
433|Fixer|Fixer (comics)
434|Flag-Smasher|Flag-Smasher
435|Flashback|Flashback (comics)
436|Flashfire|Flashfire (comics)
437|Flatman|Flatman (comics)
438|Flex|Flex (comics)
439|Flexo the Rubber Man|
440|Flint|
441|Flipside|Marvel 2099
442|Flux|Flux (comics)
443|Flying Tiger|Flying Tiger (Marvel Comics)
444|Foolkiller|Foolkiller
445|Forbush Man|Forbush Man
446|Force|Force (comics)
447|Forearm|Forearm (comics)
448|Foreigner|Foreigner (comics)
449|Forge|Forge (comics)
450|Forgotten One|Forgotten One (comics)
451|Frederick Foswell|Frederick Foswell
452|Foxbat|Foxbat (comics)
453|Foxfire|Squadron Supreme#Institute of Evil
454|Frankenstein's Monster|Frankenstein's Monster (Marvel Comics)
455|Freak|Freak (Marvel Comics)
456|Freakshow|Freakshow (comics)
457|Free Spirit|Free Spirit (comics)
458|Freebooter|
459|Freedom Ring|Freedom Ring
460|Frenchie|Frenchie (comics)
461|Frenzy|Joanna Cargill
462|Freya|Freya (comics)
463|Friday|F.R.I.D.A.Y.
464|Friction|DP 7#Main characters
465|Frigga|Frigga (character)
466|Frog-Man|
467|Fury|Fury (Marvel Comics)
468|Fusion|Fusion (Marvel Comics)
469|Futurist|Futurist (comics)
470|Gaea|Gaea (Marvel Comics)
471|Gaia|
472|Galacta|
473|Galactus|Galactus
474|Galaxy Master|Galaxy Master
475|Gambit|Gambit (comics)
476|Gamesmaster|Gamesmaster (comics)
477|Gammenon the Gatherer|Celestial (comics)#Members
478|Gamora|Gamora
479|Ganymede|
480|Gardener|Elders of the Universe
481|Gargantua|Gargantua (comics)
482|Gargoyle|Gargoyle (comics)
483|Garokk|Garokk
484|Gatecrasher|Technet (comics)
485|Gateway|Gateway (comics)
486|Gauntlet|Gauntlet (Joseph Green)
487|Gavel|The Jury (comics)
488|Gazelle|Salem's Seven
489|Geiger|Avengers: The Initiative
490|Geist|
491|Geldoff|Geldoff
492|Gemini|Gemini (Marvel Comics)
493|Genesis|Genesis (Marvel Comics)
494|Gentle|Gentle (character)
495|Ghan|Asgard (comics)#The six races
496|Ghaur|Ghaur
497|Ghost|Ghost (Marvel Comics)
498|Ghost Girl|
499|Ghost Rider|Ghost Rider
500|Ghost Rider 2099|Ghost Rider 2099
501|Giant-Man|Giant-Man
502|Gibbon|Gibbon (comics)
503|Gibborim|Runaways (comics)
504|Gideon|Gideon (comics)
505|Giganto|Giganto
506|Gigantus|Stranger (comics)
507|Gilded Lily|
508|Gladiator|Gladiator (Melvin Potter)
509|Gladiatrix|Gladiatrix (comics)
510|Glob|Glob (comics)
511|Glob Herman|
512|Glorian|Glorian
513|Glowworm|
514|GoGo Tomago|GoGo Tomago
515|Goblyn|
516|Goddess|Adam Warlock#The Goddess
517|Godzilla|Godzilla, King of the Monsters (comic book)
518|Golddigger|Femizons#Members
519|Golden Archer|
520|Golden Girl|Betsy Ross (character)
521|Golden Woman|
522|Golem|Golem (comics)
523|Goliath|Goliath (Marvel Comics)
524|Goom|Goom
525|Gordon|
526|Gorgilla|Gorgilla
527|Gorgolla|Gorgolla
528|Gorgon|Gorgon (Inhuman)
529|Gorilla Girl|Gorilla Girl
530|Gorilla-Man|Gorilla-Man
531|Gorr the God Butcher|Gorr the God Butcher
532|Gorr the Golden Gorilla|Gorr the Golden Gorilla
533|Gosamyr|
534|Grand Director|Captain America (William Burnside)
535|Grandmaster|Grandmaster (Marvel Comics)
536|Glory Grant|Glory Grant
537|Grasshopper|Grasshopper (comics)
538|Graviton|Graviton (comics)
539|Gravity|Gravity (comics)
540|Graymalkin|Graymalkin
541|Great Gambonnos|Circus of Crime#Current members
542|Green Goblin|Green Goblin
543|Grey Gargoyle|Grey Gargoyle
544|Greystone|
545|Griffin|Griffin (Marvel Comics)
546|Grim Hunter|Grim Hunter
547|Grim Reaper|Grim Reaper (comics)
548|Grindhouse|Heroes for Hire
549|Grizzly|Grizzly (comics)
550|Grog|Grog (Marvel Comics)
551|Groot|Groot
552|Grotesk|
553|Grotto|
554|Growing Man|
555|Guardian|Guardian (Marvel Comics)
556|Guardsman|Guardsman (comics)
557|Guillotine|
558|Gwenpool|Gwenpool
559|Hala the Accuser|Hala the Accuser
560|Hamir the Hermit|
561|Hammer|
562|Hammerhead|Hammerhead (comics)
563|Hangman|
564|Hardball|Avengers: The Initiative
565|HardDrive|
566|Hardshell|Beetle (comics)#Leila Davis
567|Hargen the Measurer|Celestial (comics)
568|Harold H. Harold|
569|Harpoon|Marauders (comics)
570|Harrier|Cardinal (comics)
571|Hate-Monger|Hate-Monger
572|Haven|
573|Havok|Havok (comics)
574|Hawkeye|Hawkeye (Clint Barton)
575|Haywire|Haywire (comics)
576|Hazmat|
577|Headlok|Headlok
578|Headsman|Headsman (comics)
579|Hebe|Olympians (Marvel Comics)
580|Hecate|Hecate (Marvel Comics)
581|Hector|Pantheon (Marvel Comics)
582|Heimdall|Heimdall (comics)
583|Hela|Hela (comics)
584|Helix|Helix (Marvel Comics)
585|Hellcat|Patsy Walker
586|Hellcow|Hellcow
587|Hellfire|Elementals (Marvel Comics)
588|Hellion|Hellion (Marvel Comics)
589|Hellrazor|Scourge of the Underworld
590|Hemingway|Hemingway (comics)
591|Hephaestus|
592|Hepzibah|Hepzibah (comics)
593|Hera|Hera (Marvel Comics)
594|H.E.R.B.I.E.|H.E.R.B.I.E.
595|Hercules|Hercules (Marvel Comics)
596|Hermes|Hermes (Marvel Comics)
597|Hermod|Asgard (comics)#The six races
598|Hex|ClanDestine#Dominic Destine (Hex)
599|High Evolutionary|High Evolutionary
600|Hijack|
601|Hijacker|Hijacker (comics)
602|Hildegarde|
603|Hildegund|
604|Hindsight|Hindsight (comics)
605|Hippolyta|Hippolyta (Marvel Comics)
606|Hiro-Kala|Hiro-Kala
607|Hiroim|Hiroim
608|Hit-Monkey|Hit-Monkey
609|Hitman|Hitman (Marvel Comics)
610|Hobgoblin|Hobgoblin (comics)
611|Hoder|
612|Happy Hogan|Happy Hogan (character)
613|Hogun|Hogun
614|Holocaust|Holocaust (Marvel Comics)
615|Hollywood|Wonder Man#Guardians of the Galaxy
616|Honey Lemon|Honey Lemon
617|Hood|Hood (comics)
618|Hornet|Hornet (comics)
619|Horus|Heliopolitans
620|Howard the Duck|Howard the Duck
621|Hrimhari|Hrimhari
622|Heather Hudson|Vindicator (comics)
623|Hugin and Munin|Hugin and Munin (Marvel Comics)
624|Hulk|Hulk
625|Hulk 2099|Hulk 2099
626|Hulk Robot|
627|Hulkling|Hulkling
628|Human Cannonball|Human Cannonball (Marvel Comics)
629|Human Fly|Human Fly (comics)
630|Human Top|Whirlwind (comics)
631|Human Torch|Human Torch (android)
632|Humbug|Humbug (comics)
633|Hummingbird|Hummingbird (comics)
634|Humus Sapien|Humus Sapien
635|Huntara|Fantastic Force#Original team
636|Henrietta Hunter|X-Statix
637|Hunter the White Wolf|
638|Huntsman|Olympians (Marvel Comics)
639|Hurricane|Hurricane (comics)
640|Husk|Husk (comics)
641|Hussar|
642|Hybrid|Hybrid (Jimmy Marks)
643|Hydro-Man|Hydro-Man
644|Hydron|Elementals (Marvel Comics)
645|Hyperion|Hyperion (comics)
646|Hyperstorm|
647|Hypno-Hustler|Hypno-Hustler
648|Hypnotia|Iron Man (TV series)
649|Icarus|
650|Iceman|Iceman (Marvel Comics)
651|Icemaster|
652|Idunn|Asgard (comics)
653|Ikaris|Ikaris
654|Immortus|Immortus
655|Impossible Man|Impossible Man
656|Impulse|
657|In-Betweener|In-Betweener
658|Indra|Indra (comics)
659|Inertia|Inertia (Marvel Comics)
660|Infectia|
661|Inferno|Inferno (Dante Pertuz)
662|Infinity|Infinity (comic book)
663|Ink|Ink (comics)
664|Insect Queen|
665|Interloper|
666|Invisible Woman|Invisible Woman
667|Ion|Femizons
668|Iron Cross|Iron Cross (Marvel Comics)
669|Iron Fist|Iron Fist (comics)
670|Iron-Hand Hauptmann|
671|Iron Lad|Iron Lad
672|Iron Man|Iron Man
673|Iron Man 2020|Iron Man 2020
674|Iron Monger|Iron Monger
675|Iron Patriot|Iron Patriot
676|Ironclad|U-Foes#Ironclad
677|ISAAC|ISAAC (comics)
678|Isbisa|Isbisa
679|It! The Living Colossus|It! The Living Colossus
680|J'son of Spartax|J'son (comics)
681|J2|A-Next#J2
682|Jack Flag|Jack Flag
683|Jack Frost|Jack Frost (Marvel Comics)
684|Jack O'Lantern|Jack O'Lantern (Marvel Comics)
685|Jack of Hearts|Jack of Hearts (Marvel Comics)
686|Jackal|Jackal (Marvel Comics character)
687|Jackdaw|
688|Jackhammer|Jackhammer (comics)
689|Jackpot|Jackpot (comics)
690|Jade Dragon|Jade Dragon
691|J. Jonah Jameson|J. Jonah Jameson
692|John Jameson|John Jameson (comics)
693|Jann of the Jungle|Jungle Tales
694|Janus|Janus (Marvel Comics)
695|Jarella|Jarella
696|Jarvis|J.A.R.V.I.S.
697|Jason|Pantheon (Marvel Comics)
698|Jerry Jaxon|Jerry Jaxon
699|Jazinda|Jazinda
700|Jemiah the Analyzer|Celestial (comics)#Members
701|Jester|Jester (Marvel Comics)
702|Jetstream|Jetstream (comics)
703|Jigsaw|Jigsaw (Marvel Comics)
704|Jimmy-6|Jimmy-6
705|Joan|Joan (comics)
706|Jocasta|Jocasta (comics)
707|John the Skrull|John the Skrull
708|Johnny Dee|Johnny Dee
709|Jolen|Jolen (comics)
710|Jolt|Jolt (comics)
711|Jessica Jones|Jessica Jones
712|Joseph|Joseph (comics)
713|Josiah X|
714|Joystick|Joystick (comics)
715|Jubilee|Jubilee (comics)
716|Jude the Entropic Man|Advanced Idea Mechanics#High Council of A.I.M.
717|Juggernaut|Juggernaut (comics)
718|Junior Juniper|Junior Juniper
719|Junta|The Crew (comics)
720|Justice|Vance Astrovik
721|Kaecilius|Kaecilius
722|Kala|Kala (comics)
723|Kaluu|Kaluu
724|Kamikaze|New Mutants
725|Kang the Conqueror|Kang the Conqueror
726|Kangaroo|Kangaroo (comics)
727|Karkas|Karkas (comics)
728|Karma|Karma (comics)
729|Karn|
730|Karnak|Karnak (comics)
731|Karnilla|Karnilla
732|Karthon the Quester|Karthon the Quester
733|Ka-Zar|Ka-Zar (comics)
734|Kelpie|
735|Kestrel|Kestrel (Marvel Comics)
736|Khonshu|
737|KIA|Michael Van Patrick#KIA
738|Kiber the Cruel|Kiber the Cruel
739|Kid Cassidy|Gunhawks
740|Kid Colt|Kid Colt
741|Kid Kaiju|Kid Kaiju
742|Kid Omega|Quentin Quire
743|Killer Shrike|Killer Shrike
744|Killpower|Killpower
745|Killraven|Killraven
746|Kimura|Kimura (character)
747|Kindred|
748|King Bedlam|Bedlam (comics)
749|Kingmaker|Kingmaker (comics)
750|Kingpin|Kingpin (character)
751|Kirigi|
752|Kismet|Kismet (Marvel Comics)
753|Kiwi Black|Kiwi Black
754|Klaatu|Klaatu (comics)
755|Klaw|Klaw (Marvel Comics)
756|Kleinstocks|Kleinstocks
757|Kly'bn|
758|Knockout|Femme Fatales (comics)
759|Knull|Knull (character)
760|Kobik|
761|Komodo|Komodo (comics)
762|Korath the Pursuer|Korath the Pursuer
763|Korg|Korg (character)
764|Korrek|Howard the Duck
765|Korvac|Korvac
766|Korvus|Korvus
767|Kraken|Kraken (Marvel Comics)
768|Krakoa|
769|Krang|Krang (Marvel Comics)
770|Kraven the Hunter|Kraven the Hunter
771|Kro|Kro (comics)
772|Kronos|Kronos (comics)
773|Krugarr|Alternative versions of Doctor Strange#Guardians of the Galaxy
774|Krystalin|X-Men 2099
775|Kubik|
776|Kull|Kull of Atlantis#Comics
777|Kurse|
778|Kylun|Kylun
779|K'ythri|
780|La Lunatica|X-Men 2099
781|Lacuna|X-Statix
782|Lady Bullseye|Lady Bullseye
783|Lady Deathstrike|Lady Deathstrike
784|Lady Dorma|Dorma (comics)
785|Lady Grey|Hellfire Club (comics)
786|Lady Lark|
787|Lady Lotus|Lady Lotus
788|Lady Mastermind|Lady Mastermind
789|Lady Octopus|Lady Octopus
790|Lamprey|Squadron Supreme#Institute of Evil
791|Lascivious|Grapplers (comics)
792|Lasher|
793|Laufey|Laufey (comics)
794|Laughing Mask|
795|Leader|Leader (comics)
796|Leap-Frog|Leap-Frog (comics)
797|Leather Boy|
798|Leech|Leech (comics)
799|Left Hand|
800|Left-Winger|Left-Winger (comics)
801|Lei Kung|Lei Kung (comics)
802|Leir|Leir (Marvel Comics)
803|Leo|Leo (comics)
804|Leonus|
805|Leper Queen|Leper Queen
806|Letha|Letha (comics)
807|Libra|Libra (Marvel Comics)
808|Lifeform|Lifeform (comics)
809|Lifeguard|Lifeguard (comics)
810|Lightmaster|Lightmaster
811|Lightspeed|Julie Power
812|Lilith|Lilith (Marvel Comics)
813|Lionheart|Lionheart (comics)
814|Litterbug|Morlocks (comics)
815|Live Wire|
816|Living Brain|Living Brain
817|Living Diamond|
818|Living Laser|Living Laser
819|Living Lighting|Living Lightning
820|Living Monolith|Living Monolith
821|Living Tribunal|Living Tribunal
822|Lizard|Lizard (comics)
823|Llan the Sorcerer|Llan the Sorcerer
824|Llyra|Llyra
825|Llyron|
826|Loa|Loa (comics)
827|Lobo Brothers|Lobo Brothers
828|Lockheed|Lockheed (comics)
829|Lockjaw|Lockjaw (comics)
830|Locus|Locus (comics)
831|Locust|Locust (comics)
832|Lodestone|Darkhawk#Enemies
833|Loki|Loki (comics)
834|Longshot|Longshot (Marvel Comics)
835|Lord Chaos|Lord Chaos (Marvel Comics)
836|Lord Dark Wind|Lord Dark Wind
837|Lord Deathstrike|Hellfire Club (comics)#Hellfire Academy
838|Lord of Light|
839|Lorna the Jungle Girl|Lorna the Jungle Girl
840|Lorelei|Lorelei (Mutate)
841|Lucifer|Lucifer (Marvel Comics)
842|Lucy in the Sky|Karolina Dean
843|Ludi|Ludi (comics)
844|Luis|
845|Luna Snow|
846|Lunatik|Lunatik
847|Lupo|Savage Land Mutates
848|Lurking Unknown|Lurking Unknown
849|Lyja|Lyja
850|Major Liberty|
851|Manta|
852|Miss Patriot|
853|N'astirh|N'astirh
854|N'Garai|N'Garai
855|N'Kantu, the Living Mummy|N'Kantu, the Living Mummy
856|Naga|Naga (Marvel Comics)
857|Nahrees|Inhumans
858|Namor the Sub-Mariner|Namor
859|Namora|Namora
860|Namorita|Namorita
861|Native|Native (comics)
862|Nebula|Nebula (character)
863|Network|
864|Neutron|
865|Nezarr the Calculator|Celestial (comics)#Members
866|NFL SuperPro|NFL SuperPro
867|Night Nurse|Night Nurse (comics)
868|Night Thrasher|Night Thrasher (Dwayne Taylor)
869|Nightcrawler|Nightcrawler (comics)
870|Nighthawk|Nighthawk (Marvel Comics)
871|Nightmare|Nightmare (Marvel Comics)
872|Nightshade|Nightshade (Marvel Comics)
873|Nightside|Nightside (comics)
874|Nightwatch|Nightwatch (comics)
875|Nikki|Nikki (comics)
876|Nimrod|Nimrod (comics)
877|Nitro|Nitro (comics)
878|No-Girl|
879|No-Name|Planet Hulk
880|Nocturne|Nocturne (Talia Wagner)
881|Nomad|Nomad (comics)
882|Northstar|Northstar (character)
883|Nova|Nova (Frankie Raye)
884|Nth Man|Nth Man
885|Nuke|Nuke (Marvel Comics)
886|Nuklo|Nuklo
887|Null, the Living Darkness|Null (character)
888|Numinus|Numinus
889|Nyx|
890|Obituary|X-Statix
891|Obliterator|Elders of the Universe
892|Oblivion|Oblivion (comics)
893|Obnoxio the Clown|Obnoxio the Clown
894|Occulus|Occulus
895|Ocean|X-Statix
896|Ocelot|X-Statix
897|Oddball|Oddball (comics)
898|Odin|Odin (character)
899|Ogre|Ogre (Marvel Comics)
900|Ogress|Ogress (comics)
901|Ogun|Ogun (comics)
902|Okoye|
903|Old Lace|Old Lace (comics)
904|Old Man Logan|Old Man Logan
905|Omega|Omega (Marvel Comics)
906|Omega Red|Omega Red
907|Omega the Unknown|Omega the Unknown
908|Omerta|Paulie Provenzano
909|One Above All|Celestial (comics)#Known Celestials
910|One Below All|
911|Onslaught|Onslaught (comics)
912|Onyxx|Onyxx
913|Ooze|X-Statix
914|Opal Tanaka|
915|Opsidian|Morlocks (comics)#Africa.2FGene Nation
916|Optoman|X-Statix
917|Oracle|Shi'ar#Known Shi'ar
918|Orator|Orator (comics)
919|Orb|Orb (comics)
920|Orbit|X-Statix
921|Orchid|X-Statix
922|Ord|Ord (comics)
923|Orka|Orka (comics)
924|Orphan|X-Statix
925|Orphan-Maker|Orphan-Maker
926|Orrgo|Orrgo
927|Oshtur|Doctor Strange#Book of the Vishanti
928|Osiris|Heliopolitans
929|Otomo|Otomo (comics)
930|Outlaw|Outlaw (comics)
931|Outlaw Kid|Outlaw Kid
932|Overdrive|Overdrive (comics)
933|Overkill|X-Statix
934|Overmind|Overmind (comics)
935|Ozone|X-Statix
936|Owl|Owl (Marvel Comics)
937|Ox|Ox (comics)
938|Oya|Oya (comics)
939|Ozymandias|
940|Paibok|Paibok
941|Paladin|Paladin (comics)
942|Pandemic|Rogue (Marvel Comics)#Endangered Species: Rogue's X-Men
943|Paradigm|Hellions (Marvel Comics)
944|Paralyzer|Randall Darby
945|Paris|Pantheon (Marvel Comics)
946|Pasco|Pasco (comics)
947|Pathway|
948|Patriot|Patriot (comics)
949|Peepers|Peepers (Marvel Comics)
950|Penance|Penance (X-Men)
951|Peregrine|Peregrine (comics)
952|Persuasion|Persuasion (comics)
953|Perun|Perun (comics)
954|Pestilence|Pestilence (comics)
955|Petra|
956|Phage|
957|Phantazia|Phantazia
958|Phantom Eagle|Phantom Eagle
959|Phantom Reporter|Phantom Reporter
960|Phantom Rider|Phantom Rider
961|Phaser|Phaser (comics)
962|Phastos|Phastos
963|Phat|X-Statix
964|Phobos|Phobos (Marvel Comics)
965|Phoenix Force|Phoenix Force (comics)
966|Phone Ranger|Scourge of the Underworld
967|Photon|Monica Rambeau
968|Piecemeal|Proteus (Marvel Comics)#Piecemeal
969|Piledriver|Piledriver (comics)
970|Pink Pearl|Pink Pearl (comics)
971|Pinky Pinkerton|Pinky Pinkerton
972|Pip the Troll|Pip the Troll
973|Pipeline|Pipeline (comics)
974|Piper|Savage Land Mutates
975|Piranha|Piranha (comics)
976|Pisces|Pisces (comics)
977|Pixie|Pixie (X-Men)
978|Plantman|Plantman
979|Plunderer|Plunderer (comics)
980|Pluto|Pluto (Marvel Comics)
981|Plutonia|
982|Pod|Pod (comics)
983|Poison|Poison (comics)
984|Polaris|Polaris (Marvel Comics)
985|Polestar|Kaine Parker
986|Porcupine|Porcupine (Marvel Comics)
987|Portal|Portal (comics)
988|Possessor|Elders of the Universe#Members
989|Post|
990|Postman|Morlocks (comics)
991|Pepper Potts|Pepper Potts
992|Poundcakes|Grapplers (comics)#Poundcakes
993|Powderkeg|Powderkeg
994|Power Broker|Power Broker
995|Power Man|Erik Josten
996|Power Princess|Power Princess
997|Power Skrull|Paibok
998|Powerhouse|Powerhouse (comics)
999|Predator X|Predator X (comics)
1000|Presence|Presence (Marvel Comics)
1001|Prester John|Prester John (comics)
1002|Pretty Boy|Reavers (comics)
1003|Pretty Persuasions|Psionex#Members
1004|Preview|Paragons (comics)
1005|Primus|Arnim Zola
1006|Princess Python|Princess Python
1007|Prism|Marauders (comics)
1008|Proctor|Black Knight (Dane Whitman)#Proctor
1009|Prodigy|Prodigy (Ritchie Gilmore)
1010|Professor Power|Professor Power
1011|Professor Thornton|Professor Thornton
1012|Professor X|Professor X
1013|Prometheus|Prometheus (Marvel Comics)
1014|Proteus|Proteus (Marvel Comics)
1015|Protégé|
1016|Protocide|Protocide
1017|Proton|Geldoff
1018|Prowler|Prowler (Marvel Comics)
1019|Psi-Hawk|Psi-Force
1020|Psycho-Man|Psycho-Man
1021|Psyklop|Psyklop
1022|Psylocke|Psylocke
1023|Puck|Puck (Marvel Comics)
1024|Puff Adder|Puff Adder (comics)
1025|Pulsar|Pulsar (Marvel Comics)
1026|Pulse|Pulse (Augustus)
1027|Puma|Puma (comics)
1028|Punchout|Punchout (comics)
1029|Punisher|Punisher
1030|Punisher 2099|Punisher 2099
1031|Puppet Master|Puppet Master (Marvel Comics)
1032|Purple Man|Purple Man
1033|Pyre|Venom (comic book)#Venom: Funeral Pyre (1993)
1034|Pyro|Pyro (Marvel Comics)
1035|Quagmire|
1036|Quake|Daisy Johnson
1037|Quasar|Quasar (comics)
1038|Quasimodo|
1039|Queen|
1040|Quicksand|
1041|Quicksilver|Quicksilver (comics)
1042|Quill|
1043|Raa of the Caves|Raa of the Caves
1044|Radioactive Man|Radioactive Man (comics)
1045|Radius|Radius (comics)
1046|Rage|Rage (comics)
1047|Ragnarok|Ragnarok (comics)
1048|Raiders|Raiders (comics)
1049|Raina|
1050|Rakkus|Rakkus
1051|Rebel Ralston|Sgt. Fury and his Howling Commandos#Characters
1052|Ramonda|Ramonda (comics)
1053|Rampage|Rampage (Marvel Comics)
1054|Ramrod|
1055|Ramshot|
1056|Rancor|
1057|Random|Random (comics)
1058|Ransak the Reject|
1059|Raptor|
1060|Rattler|Rattler (comics)
1061|Ravage|Ravage (Marvel Comics)
1062|Ravage 2099|Ravage 2099
1063|Ravonna|Ravonna
1064|Rawhide Kid|Rawhide Kid
1065|Raza|
1066|Razor Fist|Razor Fist
1067|Razorback|Razorback (comics)
1068|Reaper|
1069|Recorder 451|Recorder 451
1070|Red Barbarian|Red Barbarian
1071|Red Ghost|Red Ghost
1072|Red Guardian|Red Guardian
1073|Red Lotus|
1074|Red Hulk|Red Hulk
1075|Red Nine|Avengers: The Initiative
1076|Red Raven|Red Raven (Marvel Comics)
1077|Red Ronin|Red Ronin
1078|Red She-Hulk|Betty Ross
1079|Red Shift|Galactus#Heralds
1080|Red Skull|Red Skull
1081|Red Sonja|Red Sonja
1082|Red Wolf|Red Wolf (comics)
1083|Redstone|Redstone (comics)
1084|Redwing|Falcon (comics)
1085|Redeemer|
1086|Reignfire|Reignfire
1087|Replica|
1088|Reptil|Reptil
1089|Reptyl|Reptyl
1090|Rev|Rev (comics)
1091|Revanche|Revanche (character)
1092|Rhapsody|Rhapsody (comics)
1093|Rhino|Rhino (character)
1094|Ricochet|Ricochet (comics)
1095|Rictor|Rictor
1096|Right-Winger|
1097|Ringer|Ringer (comics)
1098|Ringmaster|Ringmaster (comics)
1099|Ringo Kid|Ringo Kid
1100|Rintrah|
1101|Riot|
1102|Riptide|Riptide (Marvel Comics)
1103|Risque|Risque (comics)
1104|Roberta|
1105|Robbie Robertson|Robbie Robertson (comics)
1106|Rock Python|Rock Python
1107|Rocket Raccoon|Rocket Raccoon
1108|Rocket Racer|Rocket Racer
1109|Rocketeers|Rocketeers (comics)
1110|Rocketlauncher|Death Squad (comics)
1111|Rockman|Rockman (comics)
1112|Rockslide|Rockslide (comics)
1113|Rodstvow|Psi-Force
1114|Rogue|Rogue (Marvel Comics)
1115|Rom|Rom the Space Knight
1116|Roma|Roma (comics)
1117|Romulus|Romulus (comics)
1118|Ronan the Accuser|Ronan the Accuser
1119|Ronin|Ronin (Marvel Comics)
1120|Richard Rory|Richard Rory
1121|Roughouse|Roughouse
1122|Roulette|Roulette (Marvel Comics)
1123|Royal Roy|Royal Roy
1124|Ruby Thursday|Ruby Thursday
1125|Ruckus|Nasty Boys#Ruckus
1126|Runner|Elders of the Universe
1127|Ryder|Skrull Kill Krew
1128|Rynda|
1129|Sabra|Sabra (comics)
1130|Sabreclaw|
1131|Sabretooth|Sabretooth (comics)
1132|Sage|Sage (comics)
1133|Sagittarius|Sagittarius (comics)
1134|Sandman|Sandman (Marvel Comics)
1135|Sangre|Children of the Vault#Members
1136|Sasquatch|Sasquatch (comics)
1137|Sat-Yr-9|Courtney Ross
1138|Satana|Satana (Marvel Comics)
1139|Satannish|Satannish
1140|Saturnyne|Saturnyne
1141|Saul|Externals
1142|Sauron|Sauron (comics)
1143|Savage Steel|Savage Steel
1144|Scaleface|Scaleface
1145|Scalphunter|Scalphunter (Marvel Comics)
1146|Scanner|Scanner (comics)
1147|Scarecrow|Scarecrow (Marvel Comics)
1148|Scarlet Scarab|Scarlet Scarab
1149|Scarlet Spider|Scarlet Spider
1150|Scarlet Witch|Scarlet Witch
1151|Schizoid Man|
1152|Scientist Supreme|Scientist Supreme
1153|Scimitar|Scimitar (comics)
1154|Scorcher|Scorcher (comics)
1155|Scorpia|Scorpion (Marvel Comics)#Elaine Coll
1156|Scorpio|Scorpio (comics)
1157|Scorpion|Scorpion (Marvel Comics)
1158|Scorn|
1159|Scourge of the Underworld|Scourge of the Underworld
1160|Scramble|Scramble (comics)
1161|Scrambler|Scrambler (comics)
1162|Scream|Scream (comics)
1163|Scribe|Hellfire Club (comics)
1164|Scuzz|DP 7#Main characters
1165|Seeker|
1166|Selene|Selene (comics)
1167|Sentinel|Sentinel (comics)
1168|Sentry|Sentry (comics)
1169|Senyaka|Senyaka
1170|Sepulchre|
1171|Sequoia|Cotati (comics)#Known Cotati
1172|Serafina|Children of the Vault#Members
1173|Serpentina|X-Men 2099#Serpentina
1174|Sersi|Sersi
1175|Seth|Heliopolitans
1176|Shadow King|Shadow King
1177|Shalla-Bal|Shalla-Bal
1178|Shaman|Shaman (comics)
1179|Shamrock|Shamrock (comics)
1180|Shang-Chi|Shang-Chi
1181|Shanna the She-Devil|Shanna the She-Devil
1182|Shape|Shape (comics)
1183|Shaper of Worlds|Shaper of Worlds
1184|Shard|Shard (comics)
1185|Shathra|Shathra
1186|Shatter|Morlocks (comics)
1187|Shatterax|
1188|Shatterstar|Shatterstar
1189|Sebastian Shaw|Sebastian Shaw (comics)
1190|Shinobi Shaw|Shinobi Shaw
1191|She-Hulk|She-Hulk
1192|She-Venom|Anne Weying
1193|Sheath|
1194|Shellshock|Scourge of the Underworld
1195|Shepard|Shepard (comics)
1196|Shiva|Weapon X
1197|S.H.O.C.|
1198|Shocker|Shocker (comics)
1199|Shockwave|Shockwave (comics)
1200|Shooting Star|Shooting Star (comics)
1201|Shortpack|Fantomex#Weapon X and Mystique
1202|Shotgun|
1203|Shrew|Shrew (comics)
1204|Shriek|Shriek (character)
1205|Shriker|Shriker
1206|Shroud|Shroud (comics)
1207|Shrunken Bones|
1208|Shuma-Gorath|Shuma-Gorath
1209|Sidewinder|Sidewinder (comics)
1210|Siege|Siege (John Kelly)
1211|Sif|Sif (comics)
1212|Sigyn|Sigyn (Marvel Comics)
1213|Silencer|Silencer (comics)
1214|Silly Seal|Ziggy Pig and Silly Seal
1215|Silhouette|Silhouette (comics)
1216|Silk|Silk (comics)
1217|Samuel Silke|Samuel Silke
1218|Silver Dagger|Silver Dagger (comics)
1219|Silver Fox|Silver Fox (comics)
1220|Silver Sable|Silver Sable
1221|Silver Samurai|Silver Samurai
1222|Silver Scorpion|
1223|Silver Surfer|Silver Surfer
1224|Silverclaw|Silverclaw
1225|Silvermane|Silvermane
1226|Sin|Sin (Marvel Comics)
1227|Sin-Eater|Sin-Eater (comics)
1228|Sirocco|Sirocco (comics)
1229|Siryn|Siryn
1230|Sise-Neg|
1231|Skaar|Skaar (comics)
1232|Skagg|Asgard (comics)#The six races
1233|Skein|Skein (comics)
1234|Skids|Skids (comics)
1235|Skin|Skin (Marvel Comics)
1236|Skinner|Skinner (comics)
1237|Skornn|Skornn
1238|Skrullian Skymaster|Skrull#Squadron Supreme
1239|Skull the Slayer|Skull the Slayer
1240|Skullbuster|Skullbuster
1241|Skullfire|Skullfire
1242|Skybolt|Redneck (comics)
1243|Skyhawk|Skyhawk (comics)
1244|Slab|Nasty Boys#Slab
1245|Slapstick|Slapstick (comics)
1246|Slash|Sin (Marvel Comics)
1247|Slaymaster|Slaymaster
1248|Sleeper|Sleeper (Marvel Comics)
1249|Sleepwalker|Sleepwalker (comics)
1250|Slipstream|Slipstream (comics)
1251|Sligguth|Sligguth
1252|Slither|Resistants#Members
1253|Slingshot|Yo-Yo Rodriguez
1254|Slug|Slug (comics)
1255|Slyde|Slyde
1256|Smart Alec|
1257|Smartship Friday|Power Pack
1258|Smasher|Smasher (Marvel Comics)
1259|Smiling Tiger|New Warriors#Folding Circle
1260|Smuggler|Smuggler (comics)
1261|Spencer Smythe|Spencer Smythe
1262|Snake Marston|Enforcers (comics)
1263|Snakes|
1264|Snapdragon|Snapdragon (comics)
1265|Snowbird|Snowbird (comics)
1266|Solarman|Solarman
1267|Solarr|
1268|Solo|Solo (Marvel Comics)
1269|Solomon Kane|Solomon Kane (comics)
1270|Songbird|Songbird (comics)
1271|Southpaw|Southpaw (comics)
1272|Space Phantom|
1273|Spectrum|Monica Rambeau
1274|Speed|Speed (Marvel Comics)
1275|Speed Demon|Speed Demon (comics)
1276|Speedball|Robbie Baldwin
1277|Sphinx|Sphinx (Marvel Comics)
1278|Spider-Girl|Spider-Girl (Mayday Parker)
1279|Spider-Ham|Spider-Ham
1280|Spider Jameson|John Jameson (comics)
1281|Spider-Man|Spider-Man
1282|Spider-Man 2099|Spider-Man 2099
1283|Spider-Punk|Spider-Punk
1284|Spider-Slayer|Spider-Slayer
1285|Spider-UK|Spider-UK
1286|Spider-Woman|Spider-Woman
1287|Spidercide|Spidercide
1288|Spike|Spike (Marvel Comics)
1289|Spiral|Spiral (comics)
1290|Spirit of '76|Spirit of '76 (Marvel Comics)
1291|Spirit of Vengeance|
1292|Spitfire|Spitfire (comics)
1293|Spoilsport|Spoilsport (comics)
1294|Spoor|Spoor (comics)
1295|Spot|Spot (comics)
1296|Sprite|Sprite (Eternal)
1297|Sprocket|Sprocket (comics)
1298|Sputnik|Winter Guard
1299|Spyder|Spyder (comics)
1300|Spyke|Spyke
1301|Spymaster|Spymaster (comics)
1302|Spyne|Spyne
1303|Squirrel Girl|Squirrel Girl
1304|Squid|Squid (Marvel Comics)
1305|Squidboy|Sammy Paré
1306|Stacy X|Stacy X
1307|Stained Glass Scarlet|Stained Glass Scarlet
1308|Stallior|
1309|Star Brand|Star Brand
1310|Star-Lord|Star-Lord
1311|Star Thief|New Warriors#Enemies
1312|Starbolt|
1313|Stardust|Stardust (Marvel Comics)
1314|Starfox|Starfox (comics)
1315|Starhawk|Starhawk (comics)
1316|Starlight|Starlight (Marvel Comics)
1317|Starr the Slayer|Starr the Slayer
1318|Starshine|Starshine (comics)
1319|Steel Serpent|Steel Serpent
1320|Steel Spider|Steel Spider
1321|Steel Wind|Ghost Rider#Enemies
1322|Steeplejack|Steeplejack (Marvel Comics)
1323|Stegron|Stegron
1324|Stellaris|Stellaris (comics)
1325|Stepford Cuckoos|Stepford Cuckoos
1326|Steppin' Razor|
1327|Stick|Stick (comics)
1328|Stiletto|Stiletto (comics)
1329|Stilt-Man|Stilt-Man
1330|Stinger|Alliance of Evil
1331|Stingray|Stingray (comics)
1332|Stone|Chaste (Marvel Comics)#Members
1333|Stonecutter|Exemplars (comics)#Stonecutter
1334|Stoneface|
1335|Stonewall|Stonewall (comics)
1336|Storm|Storm (Marvel Comics)
1337|Stranger|Stranger (comics)
1338|Straw Man|Straw Man (comics)
1339|Striker|
1340|Stringfellow|X-Corporation
1341|Strobe|Strobe (comics)
1342|Strong Guy|Strong Guy
1343|Strongman|Strongman (comics)
1344|Stryfe|Stryfe
1345|Stuntmaster|Stunt-Master (comics)
1346|Styx and Stone|Styx and Stone
1347|Subbie|
1348|Sublime|Sublime (Marvel Comics)
1349|Subterranea|Subterranea (comics)
1350|Sugar Man|Sugar Man
1351|Sun Girl|Sun Girl (Marvel Comics)
1352|Sunder|
1353|Sunfire|Sunfire (comics)
1354|Sunpyre|Sunpyre
1355|Sunspot|Sunspot (comics)
1356|Sunturion|Sunturion
1357|Super-Adaptoid|Super-Adaptoid
1358|Super-Patriot|Super-Patriot (Marvel Comics)
1359|Super Rabbit|Super Rabbit
1360|Super Sabre|Super Sabre (comics)
1361|Super-Skrull|Super-Skrull
1362|Supergiant|Supergiant (comics)
1363|Superia|Superia
1364|Superior|Bastards of Evil
1365|Supernaut|The Order (comics)#Current members
1366|Supernova|Supernova (Marvel Comics)
1367|Supreme Intelligence|Supreme Intelligence
1368|Surge|Surge (comics)
1369|Surtur|Surtur (Marvel Comics)
1370|Swarm|Swarm (Marvel Comics)
1371|Sway|
1372|Sword Master|
1373|Swordsman|Swordsman (comics)
1374|Sydren|S.W.O.R.D. (comics)
1375|S'ym|S'ym
1376|Synapse|Synapse (comics)
1377|Synch|Synch (comics)
1378|T-Ray|T-Ray (comics)
1379|Tag|Hellions (Marvel Comics)#Hellions (Xavier Institute)
1380|Tai|Tai (comics)
1381|Talisman|Talisman (Alpha Flight)
1382|Talon|
1383|Talos the Untamed|Talos the Untamed
1384|Tangerine|
1385|Tarantula|Tarantula (Marvel Comics)
1386|Tarot|
1387|Tarzan|Tarzan in comics#Marvel Comics
1388|Taserface|Taserface
1389|Taskmaster|Taskmaster (comics)
1390|Tatterdemalion|
1391|Tattoo|
1392|Taurus|Taurus (comics)
1393|Taxi Taylor|
1394|Tazza|Tazza (comics)
1395|Teen Abomination|Teen Abomination
1396|Tefral the Surveyor|Celestial (comics)#Members
1397|Tempest|Angel Salvadore
1398|Tempo|Tempo (comics)
1399|Tempus|
1400|Temugin|
1401|Tenebrous|Tenebrous (Marvel Comics)
1402|Teresa Parker|
1403|Terminus|
1404|Terraformer|Terraformer (comics)
1405|Terrax|Terrax
1406|Terror|Terror Inc.
1407|TESS-One|
1408|Texas Twister|Texas Twister
1409|Thane|
1410|Thanos|Thanos
1411|Thena|Thena
1412|Therak|Death Web (comics)
1413|Thermite|Thermite (comics)
1414|Thin Man|Thin Man (comics)
1415|Thing|Thing (comics)
1416|Thog|Thog (comics)
1417|Thor|Thor (Marvel Comics)
1418|Thor Girl|Thor Girl
1419|Thorn|
1420|Thornn|Salem's Seven#Members
1421|Thori|
1422|Threnody|Threnody (comics)
1423|Thunderball|Thunderball (comics)
1424|Thunderbird|Thunderbird (John Proudstar)
1425|Thunderbolt|Thunderbolt (Marvel Comics)
1426|Thunderclap|Thunderclap (comics)
1427|Thunderer|Thunderer (Marvel Comics)
1428|Thunderstrike|Thunderstrike (Eric Masterson)
1429|Thundersword|Thundersword
1430|Thundra|Thundra
1431|Tiboro|
1432|Tick-Tock|
1433|Tiger Shark|Tiger Shark (Marvel Comics)
1434|Tigra|Tigra
1435|Tim Boo Ba|
1436|Timberius|
1437|Timebroker|Timebroker
1438|Timeslip|Timeslip (comics)
1439|Tinkerer|Tinkerer (Marvel Comics)
1440|Tippy-Toe|
1441|Titan|
1442|Titania|Titania (Marvel Comics)
1443|Titanium Man|Titanium Man
1444|Titannus|Titannus
1445|Toad|Toad (comics)
1446|Tom Thumb|
1447|Tombstone|Tombstone (comics)
1448|Tonaja|Tonaja
1449|Topaz|Topaz (Marvel Comics)
1450|Torgo|
1451|Toro|Toro (comics)
1452|Torpedo|Torpedo (Marvel Comics)
1453|Tower|
1454|Tower of Flower|Klara Prast
1455|Toxie Doxie|June Covington
1456|Toxin|Toxin (comics)
1457|Tracer|Tracer (Marvel Comics)
1458|Trance|Trance (comics)
1459|Transonic|Transonic (comics)
1460|Trapster|Trapster
1461|Trash|Trash (comics)
1462|Trauma|Trauma (comics)
1463|Tremolo|Tremolo (comics)
1464|Tricephalous|Tricephalous (comics)
1465|Triton|Triton (comics)
1466|Troll|Troll (Marvel Comics)
1467|Tuck|
1468|Tumbler|
1469|Tundra|
1470|Turbo|Turbo (comics)
1471|Turner D. Century|Turner D. Century
1472|Tusk|Tusk (comics)
1473|Tweedledope|Crazy Gang (comics)#Members
1474|Twilight|
1475|Two-Gun Kid|Two-Gun Kid
1476|Tyger Tiger|Madripoor
1477|Typeface|Typeface (comics)
1478|Typhoid Mary|Typhoid Mary (comics)
1479|Typhon|Typhon (comics)
1480|Tyr|Tyr (Marvel Comics)
1481|Tyrak|Homo mermanus
1482|Tyrannus|Tyrannus (comics)
1483|Tyrant|Galactus#Heralds
1484|Uatu|Uatu
1485|Ulik|Ulik
1486|Ultimaton|
1487|Ultimo|Ultimo (Marvel Comics)
1488|Ultimus|
1489|Ultragirl|
1490|Ultron|Ultron
1491|Ulysses|Pantheon (Marvel Comics)
1492|U-Man|U-Man
1493|Umar|Umar (Marvel Comics)
1494|Underworld|Frank Tieri (writer)
1495|Unicorn|Unicorn (comics)
1496|Uni-Mind|Eternals (comics)
1497|Union Jack|Union Jack (comics)
1498|Unspoken|
1499|Unus the Untouchable|Unus the Untouchable
1500|Unuscione|
1501|Ursa Major|Ursa Major (comics)
1502|U.S. Agent|U.S. Agent
1503|Vagabond|
1504|Vakume|Salem's Seven#Members
1505|Valkyrie|Valkyrie (Marvel Comics)
1506|Vamp|
1507|Vanguard|
1508|Vanisher|Vanisher
1509|Vapor|U-Foes#Vapor
1510|Vargas|
1511|Varnae|
1512|Vector|U-Foes#Vector
1513|Veil|
1514|Velocidad|
1515|Vengeance|Ghost Rider#Other Spirits of Vengeance
1516|Venom|Venom (Marvel Comics character)
1517|Venomm|Venomm
1518|Venus|Venus (Marvel Comics)
1519|Vermin|Vermin (character)
1520|Vertigo|Salem's Seven#Team members
1521|Vessel|Morlocks_(comics)#Africa.2FGene_Nation
1522|Vibraxas|Fantastic Four#Spinoffs
1523|Vibro|
1524|Victorius|
1525|Vidar|Vidar (Marvel Comics)
1526|Vindicator|Vindicator (comics)
1527|Viper|Viper (Marvel Comics)
1528|Virgo|Virgo (comics)
1529|Vishanti|Doctor Strange#Book of the Vishanti
1530|Vision|Vision (Aarkus)
1531|Viv Vision|
1532|Voice|Hank Pym#Enemies
1533|Volcana|Volcana (Marvel Comics)
1534|Volla|Asgard (comics)#The six races
1535|Volstagg|Volstagg
1536|Voyager|Voyager (comics)
1537|Vulcan|Vulcan (Marvel Comics)
1538|Vulture|Vulture (Marvel Comics)
1539|Wallflower|Wallflower (comics)
1540|Walrus|The Walrus (Marvel Comics)
1541|War|War (Marvel Comics)
1542|War Dog|
1543|War Machine|War Machine
1544|Warbird|Carol Danvers
1545|Warlock|Warlock (New Mutants)
1546|Warpath|Warpath (comics)
1547|Warrior Woman|Warrior Woman (Marvel Comics)
1548|Warstar|
1549|Warwolf|Warwolf (Marvel Comics)
1550|Warwolves|Warwolves
1551|Washout|Washout (comics)
1552|Wasp|Wasp (comics)
1553|Wave|
1554|Weapon H|Weapon H
1555|Wendigo|Wendigo (comics)
1556|Werewolf by Night|Werewolf by Night
1557|Western Kid|Western Kid
1558|Whiplash|Whiplash (Marvel Comics)
1559|Whirlwind|Whirlwind (comics)
1560|White Fox|
1561|White Dragon|White Dragon (comics)
1562|White Rabbit|White Rabbit (comics)
1563|White Tiger|White Tiger (comics)
1564|White Wolf|
1565|Whiteout|Savage Land Mutates#Whiteout
1566|Whizzer|Whizzer (comics)
1567|Wiccan|Wiccan (comics)
1568|Wild Child|Wild Child (comics)
1569|Wild Thing|
1570|Wildside|Mutant Liberation Front
1571|Wildstreak|Wildstreak
1572|Will o' the Wisp|Will o' the Wisp (comics)
1573|Willow|
1574|Wind Dancer|Wind Dancer
1575|Windshear|
1576|Wing|Wing (Marvel Comics)
1577|Wyatt Wingfoot|Wyatt Wingfoot
1578|Winter Soldier|Bucky Barnes
1579|Wipeout|Wipeout (comics)
1580|Witchfire|Witchfire (Marvel Comics)
1581|Wither|Wither (comics)
1582|Witness|Witness (comics)
1583|Wizard|Wizard (Marvel Comics)
1584|Wiz Kid|Taki Matsuya
1585|W'Kabi|
1586|Wolf Cub|
1587|Wolf Spider|
1588|Wolfsbane|Wolfsbane (comics)
1589|Wolverine|Wolverine (character)
1590|Wonder Man|Wonder Man
1591|Wong|Wong (comics)
1592|Wong-Chu|Wong-Chu
1593|Woodgod|Woodgod
1594|Wraith|Wraith#Fictional characters
1595|Wrecker|Wrecker (comics)
1596|Wundarr the Aquarian|Wundarr the Aquarian
1597|Wysper|The Jury (comics)
1598|Xavin|Xavin
1599|X-Cutioner|
1600|Xemnu|
1601|Xi'an|
1602|X-Man|Nate Grey
1603|Xorn|Xorn
1604|X-Ray|U-Foes#X-Ray
1605|X-23|X-23
1606|Yandroth|Yandroth
1607|Yellow Claw|Yellow Claw (comics)
1608|Yellowjacket|Yellowjacket (Marvel Comics)
1609|Yeti|
1610|Ymir|Ymir (Marvel Comics)
1611|Yondu|Yondu
1612|Yukio|Yukio (comics)
1613|Yukon Jack|
1614|Zabu|Zabu
1615|Zadkiel|
1616|Zaladane|
1617|Zarathos|Zarathos
1618|Zarrko|Zarrko
1619|Zeitgeist|X-Statix#X-Force
1620|Zephyr|Elementals (Marvel Comics)
1621|Zero|
1622|Zero-G|Power Pack#Members
1623|Zeus|Zeus (Marvel Comics)
1624|Zheng Bao Yu|
1625|Zheng Zu|Fu Manchu (comics)
1626|Ziggy Pig|Ziggy Pig and Silly Seal
1627|Ziran the Tester|Celestial (comics)#Members
1628|Zom|
1629|Zombie|Zombie (comics)
1630|Zorro|Zorro#Comics
1631|Zuras|
1632|Zuri|
1633|Zzzax|Zzzax
1634|Blue Streak|Blue Streak (comics)
1635|Trick Shot|Trick Shot (comics)
1636|Señor Muerte|Señor Muerte / Señor Suerte
1637|Peni Parker|Peni Parker
1638|Hauptmann Deutschland|Hauptmann Deutschland
1639|Randy Robertson|Randy Robertson
1640|3-D Man|3-D Man
1641|8-Ball|
